{
    "experiment_id": "exp_20260426_175530",
    "config": {
        "model": "gpt2",
        "layer": 8,
        "device": "cpu",
        "dataset_size": 120,
        "sae_hidden": 512,
        "epochs": 5,
        "lr": 0.001
    },
    "bias_stats": {
        "mean": 1.2062088608741761,
        "std": 1.2166568230840835
    },
    "sae": {
        "loss_history": [
            19.30173683166504,
            15.072566986083984,
            12.053231239318848,
            9.740167617797852,
            8.1135892868042
        ],
        "final_loss": 8.1135892868042
    },
    "probe": {
        "direction_dim": 512
    },
    "intervention": {
        "alphas": [
            0.0,
            0.25,
            0.5,
            0.75,
            1.0
        ],
        "bias_results": [
            1.2256838798522949,
            1.2262721538543702,
            1.2268738428751627,
            1.227490198612213,
            1.2281196276346842
        ],
        "delta_bias": -0.002435747782389308
    },
    "plot_path": "plots/exp_20260426_175530_bias_plot.png"
}